section_id,section_title,section_order_index,activity_id,activity_order_index,scenario_id
8aef5c77-30c3-4b21-812a-bffa46b33ffa,Talking About Past Activities,10,e149a76e-25e5-466c-80d8-7e0a0c464340,10,d3387700-2171-4b1b-b28f-bee548883bfc
abf35ee9-b5d7-49a3-b6e9-95e9bfe3e21c,Describing Daily Routines,20,b27009ed-2816-4af1-a172-03608970d57b,10,42cb7180-35ae-4fdc-8bb9-45ffa8cf19eb
f6201150-3aa6-41c8-b733-e3b869f3cd3c,Talk About What's Happening Now,30,bf0624d0-d313-4c95-8ced-1b089d071973,10,ad5ebeac-1744-461d-b221-b0b8fc42fe46
735c7dae-acfc-4be6-8ef8-725af3f7af3a,Making Future Plans,40,aa84bc5a-9e2e-4ca1-a986-c9f7c85922fe,10,d0a71aaa-9ef6-44fa-811d-59e240cbc075
f553e91d-2123-4340-a66a-b81815fb6707,Describing Future Activities,50,6d5310c3-437d-46b5-90e6-6b8dcdc883af,10,272f838e-b296-4d53-aecd-9f2eebcf8459
923a6d71-756a-4dc5-95d3-de678c301f51,"Articles: A, An, The",60,39365b5f-15ce-4f76-adf6-15027521366a,10,7ff0fed5-b700-4e6b-a95a-f2a865fea17d
e0077388-0f62-475c-8062-189114e2e501,Making Polite Requests,70,b1dee5ff-b736-4dbb-b678-7cf51e4c7e6f,10,9001d46f-825b-4d26-a33c-1607c9d2df95
ae9eea39-5a11-465d-a39b-e35f2883089f,Learn to describe places and things,80,fff76411-d4cc-4aad-8ff6-4a502643cb75,10,af57238f-0d30-42d5-8191-1224858ac86c
0037467b-9746-4495-b8dc-1e1424f95393,Describe Where things Are,90,14eb76c1-c6bf-4f34-9f2b-a4e6ef846dc4,10,02c1bcb8-ef27-4e75-86b9-ff264c1f2bb5
dba0e553-2350-41eb-9df5-99d8cd64df46,Adverbs of Frequency,100,b87da382-6467-486f-b340-2686b1649277,10,6eea49ee-dc7f-4139-bcb7-8ff7a9cb25f1
4624bc9a-4705-488a-b679-760d6ce293ff,Possessive Pronouns,110,0c7428af-d5c0-452e-9ac8-706c8abc84b0,10,11341310-7476-482e-aa84-648ebf914ed4
55754495-e496-49fa-94fe-4ad4821a3c06,Talk about Health,130,f3da02ba-a0ae-47b0-8933-ebf894debd9e,10,0f9e9746-f6f6-4144-b678-310ee5ba3b21
283e125a-7495-48b3-afcb-499c0b6fa3b1,Talking About Possibilities,140,a209d21d-0750-4bf9-848f-93fc42904b13,10,720861b8-e72d-4e94-b152-f733eaf3c82b
a9763e93-1650-482e-9a7a-c11432ddaca2,Cause and Effect,150,bc1474a5-0c9c-4255-961a-3d09b433d70e,10,07721100-d525-4537-8387-0184634e8f53
b8b980dc-5fe3-4f25-b6e0-77faefcbc401,Talk about Time,160,2906019e-8fc7-4eef-86f8-71a5f389d79a,10,40de67eb-503d-41d2-9ac3-de045dbc9cfb
4ce85865-eb1a-4d2d-8623-c00e618bdfb9,Asking About Ongoing Activities,170,8e2d0ff1-8ec2-44d6-9153-d961a829c27f,10,8486174a-60ae-4b96-aa51-3e40b9392895
1a361c4c-8220-485d-97c3-a94ab3465da2,Negative Passive Questions,500,a21c2e62-1000-441a-aebd-713b07049216,10,04500363-3694-438f-a6da-0393df6cec21
3335b226-f175-45e3-b134-4fa8d91828d5,"Polite Requests Using ""Could/Would""",510,03a6584e-65d6-4b36-b2f0-62f88581768c,10,b353e63e-d7c0-4e36-b3e2-b761c556ea52
2b7d6f86-3ca3-4af9-b7c4-f6b4bb95125b,Negative Questions,520,34b92e53-6866-4fb1-ba5f-7b63932c322e,10,de7066ff-38fa-47e1-891a-c177eef13750
d806e18a-994a-4aa3-8ade-a8644e6d6671,Present Perfect Simple,530,92759e2c-448d-4dbd-be91-a350f7485edf,10,e677800a-3940-4e05-bf6d-84f3e62b1606
9b772369-5517-4aad-baa4-c0c4bd09e9f1,"Usage of ""Neither...nor""",540,f0561ce0-de6f-4294-a5a5-233bc81d32bd,10,399245f7-dc1c-4d18-9cc5-5ccfa9569410
9f237feb-741f-433f-a3cb-7456c74c83d8,Present Perfect Continuous,550,0287fda7-5376-4e7d-8f2c-39831e15946b,10,505f60b0-c078-4e81-822d-caf53976fcd1
efbda81b-aab1-44f7-bd6b-07c5a46ea296,Positive Passive Questions,560,0bb7c4a2-e4df-4e08-9998-16f97133da52,10,96444c8c-4978-42a8-939a-d60c3ed42846
27d90975-597f-4427-a888-5ecccc1689ce,Reported Speech: Statements,570,2cf463f0-3251-485c-a80b-eed97dbf1393,10,e99bc678-b9af-40ab-990e-445a28d1e427
12626a72-827c-4843-a82a-db50fdc64f2d,Reported Speech: WH Questions,580,7c98b24b-db08-44b4-a1d4-557fa70c6612,10,daca64a0-f574-4f79-a018-719f1625f3bf
9368f752-17e1-4c8e-94c7-bdd46e70e652,Reported Speech: If/ Whether Questions,590,78049a33-4bff-4551-baed-21e00755a78c,10,6c179056-14d0-41d1-a0c8-a087e94d6f63
c036636b-9e7c-439a-b63b-f6df7b9152eb,Present Simple Passive,600,ae32e44e-a427-40ac-8249-55fa226b941f,10,28456a11-70dc-4a76-8a09-6a51c9dd037a
7e090e33-701e-4bfb-a82e-16edc93078f9,Past Simple Passive,610,5b0847c2-38e6-49a2-8113-96e744a17916,10,f4c56c3e-2831-4f20-98f0-b0e66392b048
bcca676b-a351-41c3-901b-e5860cb2dd07,Express What You Don't Know!,611,ee88390e-aa94-4c80-bee0-b62862767250,10,1acf6623-cdc1-4534-bed7-da7f75699e85
e376aa35-b323-4fcb-8210-0c287450e889,Making a Reservation,621,9e5ddb39-6fd9-46bc-bad7-07a998dad5bf,10,4a6fb3f7-7c26-48c1-8f70-bac1d8c121e5
b68b6ec5-004b-415c-b6c6-3122129e6e76,Present Perfect Passive,631,ae164804-dbde-4c3f-b4f5-2fe6c4501478,10,6ed4b060-30f7-414b-ac34-f7e7b19bf3f9
21f22079-1ef7-4747-bd12-a764f83feef1,Scheduling or Planning an Event,641,bc14838d-9b6e-4511-abba-a46b55e84b3e,10,75393531-0983-499f-8a95-b360310f8b97
30636c31-383d-4ad9-a985-83571f2887d7,Future Passive,651,e740af0b-6e89-4439-b553-6e56407001fc,10,fb7258b8-f0c8-4262-b25f-c90b3e3ad2d2
95e34322-8288-4694-9415-b3a25a0d2307,Modal Passive Positive,661,4d68acc7-6037-4466-8335-451286615d10,10,88dbf4b4-09e1-4645-a330-292ca1af2481
d293b181-29fc-4acf-9561-0c1f4470f980,Negative Modal Passive,671,fb0925d3-134c-4e11-b5ff-2fdb2b754c83,10,4fb9f407-6eca-4503-b3bb-10daa6954f14
72a689be-e3c7-4104-b3d4-1c73be85510d,Prepositions: “With”,681,ec14ea10-84a2-4750-9530-5ceee5aa79bc,10,21a0dc51-cc94-4e08-8c3e-215715bcf88e
15a5522e-fbbc-47d1-ae6c-62756bda80b5,Expressing Choices with Whether and Instead,691,c9f02a1c-d3cb-43db-8a52-f1975e1b14b2,10,b0b5684c-7a86-4d9c-9b66-af775f54554c
f6b16fe5-1b5d-4926-adb7-d4654fb0238e,Expressing Wishes and Regrets,701,cf87466c-1750-404e-9f6f-5d6d887f6aef,10,2da6835e-70b8-45a1-bfc9-251f490e1a50
9c029dae-45c8-4c65-aa69-3de6b7fca05d,Usage of 'Must Have',711,c7b0c1d0-ea30-4454-b117-162569f7ec80,10,db0d4266-2f7f-40fc-8391-5facad0e3238
1108a8c4-829b-4325-8163-269f39ad0d54,Usage of 'Might Have',721,d8828ca2-f5d0-455c-9322-82d008814dd3,10,aa9a287d-b147-4ce4-96ee-a78347d4f49b
